公司名称,股票代码,板块,公告标题,公告时间,文件名,文件大小(MB),页码数,文件路径,下载时间,年份
百利天恒,688506,沪市主板,百利天恒首次公开发行股票并在科创板上市招股说明书,2022-12-30 00:00:00,百利天恒_688506_2022-12-30_百利天恒首次公开发行股票并在科创板上市招股说明书.pdf,9.68,556,data/scratch_results/百利天恒_688506_2022-12-30_百利天恒首次公开发行股票并在科创板上市招股说明书.pdf,2026-05-27 22:53:01,2022
富乐德,301297,创业板,首次公开发行股票并在创业板上市招股说明书,2022-12-27 00:00:00,富乐德_301297_2022-12-27_首次公开发行股票并在创业板上市招股说明书.pdf,11.67,494,data/scratch_results/富乐德_301297_2022-12-27_首次公开发行股票并在创业板上市招股说明书.pdf,2026-05-27 22:53:02,2022
佰维存储,688525,沪市主板,佰维存储首次公开发行股票并在科创板上市招股说明书,2022-12-27 00:00:00,佰维存储_688525_2022-12-27_佰维存储首次公开发行股票并在科创板上市招股说明书.pdf,12.94,467,data/scratch_results/佰维存储_688525_2022-12-27_佰维存储首次公开发行股票并在科创板上市招股说明书.pdf,2026-05-27 22:53:03,2022
信达证券,601059,沪市主板,信达证券首次公开发行股票招股说明书摘要,2022-12-23 00:00:00,信达证券_601059_2022-12-23_信达证券首次公开发行股票招股说明书摘要.pdf,3.51,158,data/scratch_results/信达证券_601059_2022-12-23_信达证券首次公开发行股票招股说明书摘要.pdf,2026-05-27 22:53:03,2022
清越科技,688496,沪市主板,清越科技首次公开发行股票并在科创板上市招股说明书,2022-12-23 00:00:00,清越科技_688496_2022-12-23_清越科技首次公开发行股票并在科创板上市招股说明书.pdf,9.51,493,data/scratch_results/清越科技_688496_2022-12-23_清越科技首次公开发行股票并在科创板上市招股说明书.pdf,2026-05-27 22:53:04,2022
川宁生物,301301,创业板,首次公开发行股票并在创业板上市招股说明书,2022-12-22 00:00:00,川宁生物_301301_2022-12-22_首次公开发行股票并在创业板上市招股说明书.pdf,7.72,539,data/scratch_results/川宁生物_301301_2022-12-22_首次公开发行股票并在创业板上市招股说明书.pdf,2026-05-27 22:53:06,2022
萤石网络,688475,沪市主板,萤石网络首次公开发行股票并在科创板上市招股说明书,2022-12-22 00:00:00,萤石网络_688475_2022-12-22_萤石网络首次公开发行股票并在科创板上市招股说明书.pdf,15.46,613,data/scratch_results/萤石网络_688475_2022-12-22_萤石网络首次公开发行股票并在科创板上市招股说明书.pdf,2026-05-27 22:53:07,2022
山外山,688410,沪市主板,山外山首次公开发行股票并在科创板上市招股说明书,2022-12-21 00:00:00,山外山_688410_2022-12-21_山外山首次公开发行股票并在科创板上市招股说明书.pdf,7.26,451,data/scratch_results/山外山_688410_2022-12-21_山外山首次公开发行股票并在科创板上市招股说明书.pdf,2026-05-27 22:53:07,2022
珠城科技,301280,创业板,首次公开发行股票并在创业板上市招股说明书,2022-12-21 00:00:00,珠城科技_301280_2022-12-21_首次公开发行股票并在创业板上市招股说明书.pdf,6.07,401,data/scratch_results/珠城科技_301280_2022-12-21_首次公开发行股票并在创业板上市招股说明书.pdf,2026-05-27 22:53:08,2022
微导纳米,688147,沪市主板,微导纳米首次公开发行股票并在科创板上市招股说明书,2022-12-20 00:00:00,微导纳米_688147_2022-12-20_微导纳米首次公开发行股票并在科创板上市招股说明书.pdf,8.82,391,data/scratch_results/微导纳米_688147_2022-12-20_微导纳米首次公开发行股票并在科创板上市招股说明书.pdf,2026-05-27 22:53:09,2022
杰华特,688141,沪市主板,杰华特首次公开发行股票并在科创板上市招股说明书,2022-12-20 00:00:00,杰华特_688141_2022-12-20_杰华特首次公开发行股票并在科创板上市招股说明书.pdf,8.74,420,data/scratch_results/杰华特_688141_2022-12-20_杰华特首次公开发行股票并在科创板上市招股说明书.pdf,2026-05-27 22:53:10,2022
鸿铭股份,301105,创业板,首次公开发行股票并在创业板上市招股说明书,2022-12-16 00:00:00,鸿铭股份_301105_2022-12-16_首次公开发行股票并在创业板上市招股说明书.pdf,6.96,517,data/scratch_results/鸿铭股份_301105_2022-12-16_首次公开发行股票并在创业板上市招股说明书.pdf,2026-05-27 22:53:11,2022
源杰科技,688498,沪市主板,源杰科技首次公开发行股票并在科创板上市招股说明书,2022-12-16 00:00:00,源杰科技_688498_2022-12-16_源杰科技首次公开发行股票并在科创板上市招股说明书.pdf,9.62,409,data/scratch_results/源杰科技_688498_2022-12-16_源杰科技首次公开发行股票并在科创板上市招股说明书.pdf,2026-05-27 22:53:12,2022
燕东微,688172,沪市主板,燕东微首次公开发行股票并在科创板上市招股说明书,2022-12-13 00:00:00,燕东微_688172_2022-12-13_燕东微首次公开发行股票并在科创板上市招股说明书.pdf,11.17,482,data/scratch_results/燕东微_688172_2022-12-13_燕东微首次公开发行股票并在科创板上市招股说明书.pdf,2026-05-27 22:53:13,2022
华新环保,301265,创业板,首次公开发行股票并在创业板上市招股说明书,2022-12-12 00:00:00,华新环保_301265_2022-12-12_首次公开发行股票并在创业板上市招股说明书.pdf,6.86,707,data/scratch_results/华新环保_301265_2022-12-12_首次公开发行股票并在创业板上市招股说明书.pdf,2026-05-27 22:53:13,2022
星源卓镁,301398,创业板,首次公开发行股票并在创业板上市招股说明书,2022-12-12 00:00:00,星源卓镁_301398_2022-12-12_首次公开发行股票并在创业板上市招股说明书.pdf,6.92,551,data/scratch_results/星源卓镁_301398_2022-12-12_首次公开发行股票并在创业板上市招股说明书.pdf,2026-05-27 22:53:14,2022
丰立智能,301368,创业板,首次公开发行股票并在创业板上市招股说明书,2022-12-09 00:00:00,丰立智能_301368_2022-12-09_首次公开发行股票并在创业板上市招股说明书.pdf,15.97,458,data/scratch_results/丰立智能_301368_2022-12-09_首次公开发行股票并在创业板上市招股说明书.pdf,2026-05-27 22:53:15,2022
通力科技,301255,创业板,首次公开发行股票并在创业板上市招股说明书,2022-12-08 00:00:00,通力科技_301255_2022-12-08_首次公开发行股票并在创业板上市招股说明书.pdf,8.74,368,data/scratch_results/通力科技_301255_2022-12-08_首次公开发行股票并在创业板上市招股说明书.pdf,2026-05-27 22:53:16,2022
艾罗能源,688717,沪市主板,艾罗能源首次公开发行股票并在科创板上市招股说明书,2023-12-28 00:00:00,艾罗能源_688717_2023-12-28_艾罗能源首次公开发行股票并在科创板上市招股说明书.pdf,7.64,457,data/scratch_results/艾罗能源_688717_2023-12-28_艾罗能源首次公开发行股票并在科创板上市招股说明书.pdf,2026-05-27 22:53:17,2023
达利凯普,301566,创业板,首次公开发行股票并在创业板上市招股说明书,2023-12-26 00:00:00,达利凯普_301566_2023-12-26_首次公开发行股票并在创业板上市招股说明书.pdf,14.79,381,data/scratch_results/达利凯普_301566_2023-12-26_首次公开发行股票并在创业板上市招股说明书.pdf,2026-05-27 22:53:18,2023
辰奕智能,301578,创业板,首次公开发行股票并在创业板上市招股说明书,2023-12-25 00:00:00,辰奕智能_301578_2023-12-25_首次公开发行股票并在创业板上市招股说明书.pdf,7.76,357,data/scratch_results/辰奕智能_301578_2023-12-25_首次公开发行股票并在创业板上市招股说明书.pdf,2026-05-27 22:53:19,2023
鼎龙科技,603004,沪市主板,鼎龙科技首次公开发行股票并在主板上市招股说明书,2023-12-22 00:00:00,鼎龙科技_603004_2023-12-22_鼎龙科技首次公开发行股票并在主板上市招股说明书.pdf,5.64,503,data/scratch_results/鼎龙科技_603004_2023-12-22_鼎龙科技首次公开发行股票并在主板上市招股说明书.pdf,2026-05-27 22:53:19,2023
国际复材,301526,创业板,首次公开发行股票并在创业板上市招股说明书,2023-12-21 00:00:00,国际复材_301526_2023-12-21_首次公开发行股票并在创业板上市招股说明书.pdf,6.94,561,data/scratch_results/国际复材_301526_2023-12-21_首次公开发行股票并在创业板上市招股说明书.pdf,2026-05-27 22:53:20,2023
宏盛华源,601096,沪市主板,宏盛华源首次公开发行股票并在主板上市招股说明书,2023-12-19 00:00:00,宏盛华源_601096_2023-12-19_宏盛华源首次公开发行股票并在主板上市招股说明书.pdf,13.53,576,data/scratch_results/宏盛华源_601096_2023-12-19_宏盛华源首次公开发行股票并在主板上市招股说明书.pdf,2026-05-27 22:53:21,2023
兴欣新材,001358,深市主板,首次公开发行股票并在主板上市招股说明书,2023-12-18 00:00:00,兴欣新材_001358_2023-12-18_首次公开发行股票并在主板上市招股说明书.pdf,9.28,446,data/scratch_results/兴欣新材_001358_2023-12-18_首次公开发行股票并在主板上市招股说明书.pdf,2026-05-27 22:53:22,2023
安邦护卫,603373,沪市主板,安邦护卫首次公开发行股票并在主板上市招股说明书,2023-12-15 00:00:00,安邦护卫_603373_2023-12-15_安邦护卫首次公开发行股票并在主板上市招股说明书.pdf,5.93,523,data/scratch_results/安邦护卫_603373_2023-12-15_安邦护卫首次公开发行股票并在主板上市招股说明书.pdf,2026-05-27 22:53:23,2023
安培龙,301413,创业板,首次公开发行股票并在创业板上市招股说明书,2023-12-13 00:00:00,安培龙_301413_2023-12-13_首次公开发行股票并在创业板上市招股说明书.pdf,5.35,395,data/scratch_results/安培龙_301413_2023-12-13_首次公开发行股票并在创业板上市招股说明书.pdf,2026-05-27 22:53:23,2023
索宝蛋白,603231,沪市主板,索宝蛋白首次公开发行股票并在主板上市招股说明书,2023-12-08 00:00:00,索宝蛋白_603231_2023-12-08_索宝蛋白首次公开发行股票并在主板上市招股说明书.pdf,7.59,372,data/scratch_results/索宝蛋白_603231_2023-12-08_索宝蛋白首次公开发行股票并在主板上市招股说明书.pdf,2026-05-27 22:53:24,2023
丰茂股份,301459,创业板,首次公开发行股票并在创业板上市招股说明书,2023-12-08 00:00:00,丰茂股份_301459_2023-12-08_首次公开发行股票并在创业板上市招股说明书.pdf,8.19,330,data/scratch_results/丰茂股份_301459_2023-12-08_首次公开发行股票并在创业板上市招股说明书.pdf,2026-05-27 22:53:25,2023
永达股份,001239,深市主板,首次公开发行股票并在主板上市招股说明书,2023-12-06 00:00:00,永达股份_001239_2023-12-06_首次公开发行股票并在主板上市招股说明书.pdf,8.48,441,data/scratch_results/永达股份_001239_2023-12-06_首次公开发行股票并在主板上市招股说明书.pdf,2026-05-27 22:53:26,2023
中远通,301516,创业板,首次公开发行股票并在创业板上市招股说明书,2023-12-05 00:00:00,中远通_301516_2023-12-05_首次公开发行股票并在创业板上市招股说明书.pdf,6.64,475,data/scratch_results/中远通_301516_2023-12-05_首次公开发行股票并在创业板上市招股说明书.pdf,2026-05-27 22:53:27,2023
艾森股份,688720,沪市主板,艾森股份首次公开发行股票并在科创板上市招股说明书,2023-12-01 00:00:00,艾森股份_688720_2023-12-01_艾森股份首次公开发行股票并在科创板上市招股说明书.pdf,5.07,368,data/scratch_results/艾森股份_688720_2023-12-01_艾森股份首次公开发行股票并在科创板上市招股说明书.pdf,2026-05-27 22:53:28,2023
锦江航运,601083,沪市主板,锦江航运首次公开发行股票并在主板上市招股说明书,2023-11-30 00:00:00,锦江航运_601083_2023-11-30_锦江航运首次公开发行股票并在主板上市招股说明书.pdf,6.17,442,data/scratch_results/锦江航运_601083_2023-11-30_锦江航运首次公开发行股票并在主板上市招股说明书.pdf,2026-05-27 22:53:28,2023
中机认检,301508,创业板,首次公开发行股票并在创业板上市招股说明书,2023-11-27 00:00:00,中机认检_301508_2023-11-27_首次公开发行股票并在创业板上市招股说明书.pdf,9.04,496,data/scratch_results/中机认检_301508_2023-11-27_首次公开发行股票并在创业板上市招股说明书.pdf,2026-05-27 22:53:29,2023
京仪装备,688652,沪市主板,京仪装备首次公开发行股票并在科创板上市招股说明书,2023-11-24 00:00:00,京仪装备_688652_2023-11-24_京仪装备首次公开发行股票并在科创板上市招股说明书.pdf,9.25,387,data/scratch_results/京仪装备_688652_2023-11-24_京仪装备首次公开发行股票并在科创板上市招股说明书.pdf,2026-05-27 22:53:30,2023
思泰克,301568,创业板,首次公开发行股票并在创业板上市招股说明书,2023-11-23 00:00:00,思泰克_301568_2023-11-23_首次公开发行股票并在创业板上市招股说明书.pdf,7.92,432,data/scratch_results/思泰克_301568_2023-11-23_首次公开发行股票并在创业板上市招股说明书.pdf,2026-05-27 22:53:31,2023
康希通信,688653,沪市主板,康希通信首次公开发行股票并在科创板上市招股说明书,2023-11-14 00:00:00,康希通信_688653_2023-11-14_康希通信首次公开发行股票并在科创板上市招股说明书.pdf,6.35,430,data/scratch_results/康希通信_688653_2023-11-14_康希通信首次公开发行股票并在科创板上市招股说明书.pdf,2026-05-27 22:53:32,2023
夏厦精密,001306,深市主板,首次公开发行股票并在主板上市招股说明书,2023-11-13 00:00:00,夏厦精密_001306_2023-11-13_首次公开发行股票并在主板上市招股说明书.pdf,8.35,463,data/scratch_results/夏厦精密_001306_2023-11-13_首次公开发行股票并在主板上市招股说明书.pdf,2026-05-27 22:53:33,2023
天和磁材,603072,沪市主板,天和磁材首次公开发行股票并在主板上市招股说明书,2024-12-26 00:00:00,天和磁材_603072_2024-12-26_天和磁材首次公开发行股票并在主板上市招股说明书.pdf,7.48,564,data/scratch_results/天和磁材_603072_2024-12-26_天和磁材首次公开发行股票并在主板上市招股说明书.pdf,2026-05-27 22:53:34,2024
国货航,001391,深市主板,首次公开发行股票并在主板上市招股说明书,2024-12-25 00:00:00,国货航_001391_2024-12-25_首次公开发行股票并在主板上市招股说明书.pdf,7.27,474,data/scratch_results/国货航_001391_2024-12-25_首次公开发行股票并在主板上市招股说明书.pdf,2026-05-27 22:53:35,2024
黄山谷捷,301581,创业板,首次公开发行股票并在创业板上市招股说明书,2024-12-19 00:00:00,黄山谷捷_301581_2024-12-19_首次公开发行股票并在创业板上市招股说明书.pdf,5.44,343,data/scratch_results/黄山谷捷_301581_2024-12-19_首次公开发行股票并在创业板上市招股说明书.pdf,2026-05-27 22:53:36,2024
中力股份,603194,沪市主板,中力股份首次公开发行股票并在主板上市招股说明书,2024-12-19 00:00:00,中力股份_603194_2024-12-19_中力股份首次公开发行股票并在主板上市招股说明书.pdf,8.27,603,data/scratch_results/中力股份_603194_2024-12-19_中力股份首次公开发行股票并在主板上市招股说明书.pdf,2026-05-27 22:53:37,2024
蓝宇股份,301585,创业板,首次公开发行股票并在创业板上市招股说明书,2024-12-12 00:00:00,蓝宇股份_301585_2024-12-12_首次公开发行股票并在创业板上市招股说明书.pdf,5.84,432,data/scratch_results/蓝宇股份_301585_2024-12-12_首次公开发行股票并在创业板上市招股说明书.pdf,2026-05-27 22:53:38,2024
先锋精科,688605,沪市主板,先锋精科首次公开发行股票并在科创板上市招股说明书,2024-12-06 00:00:00,先锋精科_688605_2024-12-06_先锋精科首次公开发行股票并在科创板上市招股说明书.pdf,5.93,408,data/scratch_results/先锋精科_688605_2024-12-06_先锋精科首次公开发行股票并在科创板上市招股说明书.pdf,2026-05-27 22:53:38,2024
博科测试,301598,创业板,首次公开发行股票并在创业板上市招股说明书,2024-12-05 00:00:00,博科测试_301598_2024-12-05_首次公开发行股票并在创业板上市招股说明书.pdf,9.11,516,data/scratch_results/博科测试_301598_2024-12-05_首次公开发行股票并在创业板上市招股说明书.pdf,2026-05-27 22:53:39,2024
博苑股份,301617,创业板,首次公开发行股票并在创业板上市招股说明书,2024-12-05 00:00:00,博苑股份_301617_2024-12-05_首次公开发行股票并在创业板上市招股说明书.pdf,5.25,399,data/scratch_results/博苑股份_301617_2024-12-05_首次公开发行股票并在创业板上市招股说明书.pdf,2026-05-27 22:53:41,2024
佳驰科技,688708,沪市主板,佳驰科技首次公开发行股票并在科创板上市招股说明书,2024-11-29 00:00:00,佳驰科技_688708_2024-11-29_佳驰科技首次公开发行股票并在科创板上市招股说明书.pdf,5.66,390,data/scratch_results/佳驰科技_688708_2024-11-29_佳驰科技首次公开发行股票并在科创板上市招股说明书.pdf,2026-05-27 22:53:41,2024
英思特,301622,创业板,首次公开发行股票并在创业板上市招股说明书,2024-11-28 00:00:00,英思特_301622_2024-11-28_首次公开发行股票并在创业板上市招股说明书.pdf,8.03,372,data/scratch_results/英思特_301622_2024-11-28_首次公开发行股票并在创业板上市招股说明书.pdf,2026-05-27 22:53:42,2024
联芸科技,688449,沪市主板,联芸科技首次公开发行股票并在科创板上市招股说明书,2024-11-22 00:00:00,联芸科技_688449_2024-11-22_联芸科技首次公开发行股票并在科创板上市招股说明书.pdf,6.57,360,data/scratch_results/联芸科技_688449_2024-11-22_联芸科技首次公开发行股票并在科创板上市招股说明书.pdf,2026-05-27 22:53:43,2024
红四方,603395,沪市主板,红四方首次公开发行股票并在主板上市招股说明书,2024-11-21 00:00:00,红四方_603395_2024-11-21_红四方首次公开发行股票并在主板上市招股说明书.pdf,7.69,606,data/scratch_results/红四方_603395_2024-11-21_红四方首次公开发行股票并在主板上市招股说明书.pdf,2026-05-27 22:53:44,2024
金天钛业,688750,沪市主板,金天钛业首次公开发行股票并在科创板上市招股说明书,2024-11-14 00:00:00,金天钛业_688750_2024-11-14_金天钛业首次公开发行股票并在科创板上市招股说明书.pdf,5.18,429,data/scratch_results/金天钛业_688750_2024-11-14_金天钛业首次公开发行股票并在科创板上市招股说明书.pdf,2026-05-27 22:53:45,2024
壹连科技,301631,创业板,首次公开发行股票并在创业板上市招股说明书,2024-11-14 00:00:00,壹连科技_301631_2024-11-14_首次公开发行股票并在创业板上市招股说明书.pdf,6.09,456,data/scratch_results/壹连科技_301631_2024-11-14_首次公开发行股票并在创业板上市招股说明书.pdf,2026-05-27 22:53:46,2024
健尔康,603205,沪市主板,健尔康首次公开发行股票并在主板上市招股说明书,2024-10-31 00:00:00,健尔康_603205_2024-10-31_健尔康首次公开发行股票并在主板上市招股说明书.pdf,9.37,464,data/scratch_results/健尔康_603205_2024-10-31_健尔康首次公开发行股票并在主板上市招股说明书.pdf,2026-05-27 22:53:47,2024
拉普拉斯,688726,沪市主板,拉普拉斯首次公开发行股票并在科创板上市招股说明书,2024-10-24 00:00:00,拉普拉斯_688726_2024-10-24_拉普拉斯首次公开发行股票并在科创板上市招股说明书.pdf,11.86,520,data/scratch_results/拉普拉斯_688726_2024-10-24_拉普拉斯首次公开发行股票并在科创板上市招股说明书.pdf,2026-05-27 22:53:48,2024
港迪技术,301633,创业板,首次公开发行股票并在创业板上市招股说明书,2024-10-23 00:00:00,港迪技术_301633_2024-10-23_首次公开发行股票并在创业板上市招股说明书.pdf,9.75,449,data/scratch_results/港迪技术_301633_2024-10-23_首次公开发行股票并在创业板上市招股说明书.pdf,2026-05-27 22:53:49,2024
新铝时代,301613,创业板,首次公开发行股票并在创业板上市招股说明书,2024-10-22 00:00:00,新铝时代_301613_2024-10-22_首次公开发行股票并在创业板上市招股说明书.pdf,6.09,418,data/scratch_results/新铝时代_301613_2024-10-22_首次公开发行股票并在创业板上市招股说明书.pdf,2026-05-27 22:53:50,2024
科马材料,920086,新三板,招股说明书,2025-12-31 00:00:00,科马材料_920086_2025-12-31_招股说明书.pdf,8.48,361,data/scratch_results/科马材料_920086_2025-12-31_招股说明书.pdf,2026-05-27 22:53:51,2025
新广益,301687,创业板,首次公开发行股票并在创业板上市招股说明书,2025-12-26 00:00:00,新广益_301687_2025-12-26_首次公开发行股票并在创业板上市招股说明书.pdf,8.08,362,data/scratch_results/新广益_301687_2025-12-26_首次公开发行股票并在创业板上市招股说明书.pdf,2026-05-27 22:53:52,2025
双欣环保,001369,深市主板,首次公开发行股票并在主板上市招股说明书,2025-12-25 00:00:00,双欣环保_001369_2025-12-25_首次公开发行股票并在主板上市招股说明书.pdf,6.92,510,data/scratch_results/双欣环保_001369_2025-12-25_首次公开发行股票并在主板上市招股说明书.pdf,2026-05-27 22:53:53,2025
强一股份,688809,沪市主板,强一股份首次公开发行股票并在科创板上市招股说明书,2025-12-25 00:00:00,强一股份_688809_2025-12-25_强一股份首次公开发行股票并在科创板上市招股说明书.pdf,5.35,385,data/scratch_results/强一股份_688809_2025-12-25_强一股份首次公开发行股票并在科创板上市招股说明书.pdf,2026-05-27 22:53:53,2025
誉帆科技,001396,深市主板,首次公开发行股票并在主板上市招股说明书,2025-12-25 00:00:00,誉帆科技_001396_2025-12-25_首次公开发行股票并在主板上市招股说明书.pdf,8.48,427,data/scratch_results/誉帆科技_001396_2025-12-25_首次公开发行股票并在主板上市招股说明书.pdf,2026-05-27 22:53:54,2025
蘅东光,920045,新三板,招股说明书,2025-12-19 00:00:00,蘅东光_920045_2025-12-19_招股说明书.pdf,7.03,410,data/scratch_results/蘅东光_920045_2025-12-19_招股说明书.pdf,2026-05-27 22:53:55,2025
健信超导,688805,沪市主板,健信超导首次公开发行股票并在科创板上市招股说明书,2025-12-19 00:00:00,健信超导_688805_2025-12-19_健信超导首次公开发行股票并在科创板上市招股说明书.pdf,5.31,310,data/scratch_results/健信超导_688805_2025-12-19_健信超导首次公开发行股票并在科创板上市招股说明书.pdf,2026-05-27 22:53:56,2025
陕西旅游,603402,沪市主板,陕西旅游首次公开发行股票并在主板上市招股说明书附录,2025-12-18 00:00:00,陕西旅游_603402_2025-12-18_陕西旅游首次公开发行股票并在主板上市招股说明书附录.pdf,55.91,885,data/scratch_results/陕西旅游_603402_2025-12-18_陕西旅游首次公开发行股票并在主板上市招股说明书附录.pdf,2026-05-27 22:53:57,2025
锡华科技,603248,沪市主板,锡华科技首次公开发行股票并在主板上市招股说明书,2025-12-18 00:00:00,锡华科技_603248_2025-12-18_锡华科技首次公开发行股票并在主板上市招股说明书.pdf,6.82,392,data/scratch_results/锡华科技_603248_2025-12-18_锡华科技首次公开发行股票并在主板上市招股说明书.pdf,2026-05-27 22:53:58,2025
天溯计量,301449,创业板,首次公开发行股票并在创业板上市招股说明书,2025-12-18 00:00:00,天溯计量_301449_2025-12-18_首次公开发行股票并在创业板上市招股说明书.pdf,5.14,481,data/scratch_results/天溯计量_301449_2025-12-18_首次公开发行股票并在创业板上市招股说明书.pdf,2026-05-27 22:53:59,2025
江天科技,920121,新三板,招股说明书,2025-12-12 00:00:00,江天科技_920121_2025-12-12_招股说明书.pdf,6.42,326,data/scratch_results/江天科技_920121_2025-12-12_招股说明书.pdf,2026-05-27 22:54:00,2025
优迅股份,688807,沪市主板,优迅股份首次公开发行股票并在科创板上市招股说明书,2025-12-12 00:00:00,优迅股份_688807_2025-12-12_优迅股份首次公开发行股票并在科创板上市招股说明书.pdf,5.56,383,data/scratch_results/优迅股份_688807_2025-12-12_优迅股份首次公开发行股票并在科创板上市招股说明书.pdf,2026-05-27 22:54:00,2025
纳百川,301667,创业板,首次公开发行股票并在创业板上市招股说明书,2025-12-12 00:00:00,纳百川_301667_2025-12-12_首次公开发行股票并在创业板上市招股说明书.pdf,6.67,425,data/scratch_results/纳百川_301667_2025-12-12_首次公开发行股票并在创业板上市招股说明书.pdf,2026-05-27 22:54:01,2025
昂瑞微,688790,沪市主板,昂瑞微首次公开发行股票并在科创板上市招股说明书,2025-12-11 00:00:00,昂瑞微_688790_2025-12-11_昂瑞微首次公开发行股票并在科创板上市招股说明书.pdf,15.46,496,data/scratch_results/昂瑞微_688790_2025-12-11_昂瑞微首次公开发行股票并在科创板上市招股说明书.pdf,2026-05-27 22:54:02,2025
沐曦股份,688802,沪市主板,沐曦股份首次公开发行股票并在科创板上市招股说明书,2025-12-11 00:00:00,沐曦股份_688802_2025-12-11_沐曦股份首次公开发行股票并在科创板上市招股说明书.pdf,10.13,523,data/scratch_results/沐曦股份_688802_2025-12-11_沐曦股份首次公开发行股票并在科创板上市招股说明书.pdf,2026-05-27 22:54:03,2025
元创股份,001325,深市主板,首次公开发行股票并在主板上市招股说明书,2025-12-05 00:00:00,元创股份_001325_2025-12-05_首次公开发行股票并在主板上市招股说明书.pdf,5.13,369,data/scratch_results/元创股份_001325_2025-12-05_首次公开发行股票并在主板上市招股说明书.pdf,2026-05-27 22:54:04,2025
百奥赛图,688796,沪市主板,百奥赛图首次公开发行股票并在科创板上市招股说明书,2025-12-04 00:00:00,百奥赛图_688796_2025-12-04_百奥赛图首次公开发行股票并在科创板上市招股说明书.pdf,9.98,600,data/scratch_results/百奥赛图_688796_2025-12-04_百奥赛图首次公开发行股票并在科创板上市招股说明书.pdf,2026-05-27 22:54:04,2025
摩尔线程,688795,沪市主板,摩尔线程首次公开发行股票并在科创板上市招股说明书,2025-11-28 00:00:00,摩尔线程_688795_2025-11-28_摩尔线程首次公开发行股票并在科创板上市招股说明书.pdf,12.11,466,data/scratch_results/摩尔线程_688795_2025-11-28_摩尔线程首次公开发行股票并在科创板上市招股说明书.pdf,2026-05-27 22:54:05,2025
中国铀业,001280,深市主板,首次公开发行股票并在主板上市招股说明书,2025-11-27 00:00:00,中国铀业_001280_2025-11-27_首次公开发行股票并在主板上市招股说明书.pdf,11.64,568,data/scratch_results/中国铀业_001280_2025-11-27_首次公开发行股票并在主板上市招股说明书.pdf,2026-05-27 22:54:06,2025
海安集团,001233,深市主板,首次公开发行股票并在主板上市招股说明书,2025-11-20 00:00:00,海安集团_001233_2025-11-20_首次公开发行股票并在主板上市招股说明书.pdf,7.41,413,data/scratch_results/海安集团_001233_2025-11-20_首次公开发行股票并在主板上市招股说明书.pdf,2026-05-27 22:54:07,2025
精创电气,920035,新三板,招股说明书,2025-11-14 00:00:00,精创电气_920035_2025-11-14_招股说明书.pdf,7.31,451,data/scratch_results/精创电气_920035_2025-11-14_招股说明书.pdf,2026-05-27 22:54:08,2025
恒坤新材,688727,沪市主板,恒坤新材首次公开发行股票并在科创板上市招股说明书,2025-11-13 00:00:00,恒坤新材_688727_2025-11-13_恒坤新材首次公开发行股票并在科创板上市招股说明书.pdf,7.22,403,data/scratch_results/恒坤新材_688727_2025-11-13_恒坤新材首次公开发行股票并在科创板上市招股说明书.pdf,2026-05-27 22:54:09,2025
彩客科技,920206,新三板,招股说明书,2026-05-25 00:00:00,彩客科技_920206_2026-05-25_招股说明书.pdf,5.69,346,data/scratch_results/彩客科技_920206_2026-05-25_招股说明书.pdf,2026-05-27 22:54:09,2026
长进光子,688635,沪市主板,长进光子首次公开发行股票并在科创板上市招股说明书,2026-05-22 00:00:00,长进光子_688635_2026-05-22_长进光子首次公开发行股票并在科创板上市招股说明书.pdf,6.04,343,data/scratch_results/长进光子_688635_2026-05-22_长进光子首次公开发行股票并在科创板上市招股说明书.pdf,2026-05-27 22:54:10,2026
新睿电子,920211,新三板,招股说明书,2026-05-21 00:00:00,新睿电子_920211_2026-05-21_招股说明书.pdf,6.31,311,data/scratch_results/新睿电子_920211_2026-05-21_招股说明书.pdf,2026-05-27 22:54:11,2026
嘉德利,603435,沪市主板,嘉德利首次公开发行股票并在主板上市招股说明书,2026-05-19 00:00:00,嘉德利_603435_2026-05-19_嘉德利首次公开发行股票并在主板上市招股说明书.pdf,8.89,315,data/scratch_results/嘉德利_603435_2026-05-19_嘉德利首次公开发行股票并在主板上市招股说明书.pdf,2026-05-27 22:54:12,2026
惠康科技,001237,深市主板,首次公开发行股票并在主板上市招股说明书,2026-05-19 00:00:00,惠康科技_001237_2026-05-19_首次公开发行股票并在主板上市招股说明书.pdf,6.84,486,data/scratch_results/惠康科技_001237_2026-05-19_首次公开发行股票并在主板上市招股说明书.pdf,2026-05-27 22:54:12,2026
新天力,920218,新三板,招股说明书,2026-05-18 00:00:00,新天力_920218_2026-05-18_招股说明书.pdf,7.84,335,data/scratch_results/新天力_920218_2026-05-18_招股说明书.pdf,2026-05-27 22:54:13,2026
龙辰科技,920161,新三板,招股说明书,2026-05-14 00:00:00,龙辰科技_920161_2026-05-14_招股说明书.pdf,5.76,379,data/scratch_results/龙辰科技_920161_2026-05-14_招股说明书.pdf,2026-05-27 22:54:13,2026
天海电子,001365,深市主板,首次公开发行股票并在主板上市招股说明书,2026-05-13 00:00:00,天海电子_001365_2026-05-13_首次公开发行股票并在主板上市招股说明书.pdf,7.91,547,data/scratch_results/天海电子_001365_2026-05-13_首次公开发行股票并在主板上市招股说明书.pdf,2026-05-27 22:54:14,2026
朗信电气,920220,新三板,招股说明书,2026-05-11 00:00:00,朗信电气_920220_2026-05-11_招股说明书.pdf,7.82,425,data/scratch_results/朗信电气_920220_2026-05-11_招股说明书.pdf,2026-05-27 22:54:15,2026
长裕集团,603407,沪市主板,长裕集团首次公开发行股票并在主板上市招股说明书,2026-05-06 00:00:00,长裕集团_603407_2026-05-06_长裕集团首次公开发行股票并在主板上市招股说明书.pdf,8.42,469,data/scratch_results/长裕集团_603407_2026-05-06_长裕集团首次公开发行股票并在主板上市招股说明书.pdf,2026-05-27 22:54:16,2026
春光集团,301531,创业板,首次公开发行股票并在创业板上市招股说明书,2026-04-30 00:00:00,春光集团_301531_2026-04-30_首次公开发行股票并在创业板上市招股说明书.pdf,5.9,381,data/scratch_results/春光集团_301531_2026-04-30_首次公开发行股票并在创业板上市招股说明书.pdf,2026-05-27 22:54:16,2026
嘉晨智能,920096,新三板,招股说明书,2026-04-29 00:00:00,嘉晨智能_920096_2026-04-29_招股说明书.pdf,7.07,365,data/scratch_results/嘉晨智能_920096_2026-04-29_招股说明书.pdf,2026-05-27 22:54:17,2026
理奇智能,301599,创业板,首次公开发行股票并在创业板上市招股说明书,2026-04-24 00:00:00,理奇智能_301599_2026-04-24_首次公开发行股票并在创业板上市招股说明书.pdf,6.63,448,data/scratch_results/理奇智能_301599_2026-04-24_首次公开发行股票并在创业板上市招股说明书.pdf,2026-05-27 22:54:18,2026
锐翔智能,920178,新三板,招股说明书,2026-04-23 00:00:00,锐翔智能_920178_2026-04-23_招股说明书.pdf,5.13,349,data/scratch_results/锐翔智能_920178_2026-04-23_招股说明书.pdf,2026-05-27 22:54:18,2026
中科仪,920186,新三板,招股说明书,2026-04-22 00:00:00,中科仪_920186_2026-04-22_招股说明书.pdf,6.71,348,data/scratch_results/中科仪_920186_2026-04-22_招股说明书.pdf,2026-05-27 22:54:19,2026
振宏股份,920200,新三板,招股说明书,2026-04-20 00:00:00,振宏股份_920200_2026-04-20_招股说明书.pdf,5.2,337,data/scratch_results/振宏股份_920200_2026-04-20_招股说明书.pdf,2026-05-27 22:54:19,2026
联讯仪器,688808,沪市主板,联讯仪器首次公开发行股票并在科创板上市招股说明书,2026-04-20 00:00:00,联讯仪器_688808_2026-04-20_联讯仪器首次公开发行股票并在科创板上市招股说明书.pdf,8.47,397,data/scratch_results/联讯仪器_688808_2026-04-20_联讯仪器首次公开发行股票并在科创板上市招股说明书.pdf,2026-05-27 22:54:20,2026
福恩股份,001312,深市主板,首次公开发行股票并在主板上市招股说明书,2026-04-16 00:00:00,福恩股份_001312_2026-04-16_首次公开发行股票并在主板上市招股说明书.pdf,5.99,354,data/scratch_results/福恩股份_001312_2026-04-16_首次公开发行股票并在主板上市招股说明书.pdf,2026-05-27 22:54:20,2026
盛合晶微,688820,沪市主板,盛合晶微首次公开发行股票并在科创板上市招股说明书,2026-04-15 00:00:00,盛合晶微_688820_2026-04-15_盛合晶微首次公开发行股票并在科创板上市招股说明书.pdf,7.39,480,data/scratch_results/盛合晶微_688820_2026-04-15_盛合晶微首次公开发行股票并在科创板上市招股说明书.pdf,2026-05-27 22:54:21,2026
尚水智能,301513,创业板,首次公开发行股票并在创业板上市招股说明书,2026-04-14 00:00:00,尚水智能_301513_2026-04-14_首次公开发行股票并在创业板上市招股说明书.pdf,8.32,436,data/scratch_results/尚水智能_301513_2026-04-14_首次公开发行股票并在创业板上市招股说明书.pdf,2026-05-27 22:54:22,2026
